timestamp	transcript	matched	alias	command	label	audio_path
2026-09-29T22:20:23+07:00	eu y phát nhạc	false				
2026-09-29T22:20:27+07:00	vui phát nhạc	true	vui	phát nhạc		
2026-09-29T22:20:32+07:00	you y phát dễ	true	you	y phát dễ		
2026-09-29T22:20:41+07:00	you phát nhạc	true	you	phát nhạc		
2026-09-29T22:20:50+07:00	vui phát nhẹ	true	vui	phát nhẹ		
2026-09-29T22:23:43+07:00	nghi phát chết	false				
2026-09-29T22:23:49+07:00	vui phát nghĩa	true	vui	phát nghĩa		
2026-09-29T22:23:57+07:00	vui	true	vui			
2026-09-29T22:23:59+07:00	play nha	false				
2026-09-29T22:24:04+07:00	vui phát dạt đi	true	vui	phát dạt đi		
2026-09-29T22:24:10+07:00	ui flay nha	true	ui	flay nha		
2026-09-29T22:24:15+07:00	vui phát dễ	true	vui	phát dễ		
2026-09-29T22:24:50+07:00	you phát nhé	true	you	phát nhé		
2026-09-29T22:25:02+07:00	yui dừng nhạc đang phát	true	yui	dừng nhạc đang phát		
2026-09-29T22:25:07+07:00	yui tiếp tục	true	yui	tiếp tục		
2026-09-29T22:25:12+07:00	yui bật chế độ ranh đùm	true	yui	bật chế độ ranh đùm		
2026-09-29T22:25:14+07:00	không	false				
2026-09-29T22:25:51+07:00	vui tắt dở	true	vui	tắt dở		
2026-09-29T22:26:02+07:00	yu y tiếp tục phát dệt	true	yu y	tiếp tục phát dệt		
2026-09-29T22:26:11+07:00	xem một sao la trái ta lên màu xanh lam chả khó chiến thắng	false				
2026-09-29T22:27:25+07:00	you y phát dệt	true	you	y phát dệt		
2026-09-29T22:27:33+07:00	năm mươi	false				
2026-09-29T22:27:41+07:00	chào chị	false				
2026-09-29T22:27:43+07:00	tao kêu gọi	false				
2026-09-29T22:27:52+07:00	chuy phát bài nơi này có anh trong fal	false				
2026-09-29T22:27:57+07:00	yu ơi	false				
2026-09-29T22:27:59+07:00	ui	true	ui			
2026-09-29T22:28:04+07:00	phát bài nơi này có anh trong falis	false				
2026-09-29T22:28:12+07:00	ui phát bài nơi này có anh	true	ui	phát bài nơi này có anh		
2026-09-29T22:28:20+07:00	xin lỗi cậu là zomi bọn mình chỉ nói em bắt đầu à em xin lỗi những cánh tay toàn sức đẹp chị nặn là một câu nói xin lỗi	false				
2026-09-29T22:28:29+07:00	đùa vui tim tràng ta đẹp trai em	false				
2026-09-29T22:28:37+07:00	ngươi chuyển sang bài khác	false				
2026-09-29T22:28:45+07:00	xa	false				
2026-09-29T22:28:53+07:00	lên giữa nam	false				
2026-09-29T22:29:01+07:00	thêm một con đường dài ta mẹ mùa xa lần trà khô cằn chúng ta rơi một tay nhỏ tóc	false				
2026-09-29T22:29:09+07:00	chào sơn năm dành cho ta để sang năm giàu mới ta sẽ còn bên kia tình yêu thương ta ước mơ	false				
2026-09-29T22:29:18+07:00	ta	false				
2026-09-29T22:29:26+07:00		false				
2026-09-29T22:29:34+07:00	sina to	false				
2026-09-29T22:29:42+07:00	not để cứu em tôi bao giờ mất mát	false				
2026-09-29T22:29:54+07:00	chị	false				
2026-09-29T22:29:56+07:00	you re	true	you	re		
2026-09-29T22:30:00+07:00	duy	false				
2026-09-29T22:30:02+07:00	vui	true	vui			
2026-09-29T22:30:04+07:00	chui	false				
2026-09-29T22:30:37+07:00	xem là trái ta biết màu xanh lam dài khó họ còn đang là dù sao đi ở một ta mọc	false				
2026-09-29T22:30:45+07:00	chui thôi	false				
2026-09-29T22:30:54+07:00	bắt đi le	false				
2026-09-29T22:31:03+07:00	mình chỉ ngồi im	false				
2026-09-29T22:31:11+07:00	xin lỗi những cánh tay vào tuần at xin lỗi chỉ đàn pia xin lỗi	false				
2026-09-29T22:31:19+07:00	sao ba đêm tới nơi mà mai một sau khi ta cứ để chơi em thật là	false				
2026-09-29T22:31:27+07:00	cứ mang tên dù mất đi	false				
2026-09-29T22:31:35+07:00	vui	true	vui			
2026-09-29T22:31:43+07:00	xin chào thêm một phần nào trái ta mẹ thôi	false				
2026-09-29T22:31:52+07:00	gian này đã khóc bao chùm ta rồi yêu ma sa mạc tóc giả	false				
2026-09-29T22:32:00+07:00	với nữ gian giàu thớt đau ta	false				
2026-09-29T22:32:08+07:00	lòng thương và lòng thương	false				
2026-09-29T22:32:16+07:00	và xin phép nào	false				
2026-09-29T22:32:24+07:00	ta xin mời bác hồ nào mẹ ta tìm thấy nhưng mà câu nói mà	false				
2026-09-29T22:32:33+07:00	chị đi một phần là chị mở mắt ra đi ca la cà	false				
2026-09-29T22:32:41+07:00	ta đã đền bao bì suy nghĩ cười đau khừ đa những cười đau thương đã yêu ai	false				
2026-09-29T22:32:49+07:00		false				
2026-09-29T22:32:57+07:00	ngày xưa	false				
2026-09-29T22:33:05+07:00	sẽ tho	false				
2026-09-29T22:33:14+07:00	ta	false				
2026-09-29T22:33:22+07:00	ta xứng đáng cho anh ta	false				
2026-09-29T22:33:28+07:00	cha ta	false				
2026-09-29T22:37:15+07:00		false				
2026-09-29T22:54:33+07:00	you y phát vậy	true	you	y phát vậy		
2026-09-29T22:54:38+07:00	vui phát vậy	true	vui	phát vậy		
2026-09-29T22:54:43+07:00	y phát nhạc đi	false				
2026-09-29T22:54:49+07:00	vui bật chế độ công nhiên	true	vui	bật chế độ công nhiên		
2026-09-29T22:55:00+07:00	ui fla	true	ui	fla		
2026-09-29T22:55:04+07:00	chú phát vậy	false				
2026-09-29T22:55:08+07:00	you phát nhở	true	you	phát nhở		
2026-09-29T22:55:17+07:00	yui phát dễ	true	yui	phát dễ		
2026-09-29T22:55:22+07:00	vui phát nhẹ	true	vui	phát nhẹ		
2026-09-29T22:55:26+07:00	phát dạt đi	false				
2026-09-29T22:55:38+07:00	y search bài sơn tùng mtp	false				
2026-09-29T22:55:45+07:00	you tìm kiếm bài sơn tùng mtv	true	you	tìm kiếm bài sơn tùng mtv		
2026-09-29T22:55:54+07:00	ui fla	true	ui	fla		
2026-09-29T22:56:00+07:00	ui chơi nhỉ	true	ui	chơi nhỉ		
2026-09-29T22:56:05+07:00	chơi nhạc	false				
2026-09-29T22:56:12+07:00	vui phát vậy	true	vui	phát vậy		
2026-09-29T22:56:18+07:00	vui phát dở	true	vui	phát dở		
2026-09-29T22:56:25+07:00	tôi chuyển sang tài khác	false				
2026-09-29T22:56:56+07:00	chuyển sang bãi	false				
2026-09-29T22:57:09+07:00	thay đổi	false				
2026-09-29T22:57:26+07:00	vui phát nhở	true	vui	phát nhở		
2026-09-29T22:57:31+07:00	uy phát giác	true	uy	phát giác		
2026-09-29T22:57:38+07:00	you phát	true	you	phát		
2026-09-29T22:57:44+07:00	vui chơi nhạc đi	true	vui	chơi nhạc đi		
2026-09-29T22:57:53+07:00	chui bật chế độ london	false				
2026-09-29T22:57:58+07:00	you bật chế độ ngẫu nhiên	true	you	bật chế độ ngẫu nhiên		
2026-09-29T22:58:16+07:00	vui phát hoài này đi	true	vui	phát hoài này đi		
2026-09-29T22:58:21+07:00	vui phát nhạc này đi	true	vui	phát nhạc này đi		
2026-09-29T22:58:27+07:00	vui phát nhạc này đi	true	vui	phát nhạc này đi		
2026-09-29T22:58:30+07:00	sao ấy nhở	false				
2026-09-29T22:58:40+07:00	vui phát nhạc này đi	true	vui	phát nhạc này đi		
2026-09-29T22:58:46+07:00	vui phát nhạc này đi	true	vui	phát nhạc này đi		
2026-09-29T23:19:13+07:00	no	false				
2026-09-29T23:19:20+07:00		false				
2026-09-29T23:19:25+07:00	ôi đặt chế độ hậu duyên	false				
2026-09-29T23:19:41+07:00	ô	false				
2026-09-29T23:19:51+07:00	dưới chế độ ngẫu nhiên	false				
2026-09-29T23:19:56+07:00	vui bật chế độ ngẫu nhiên	true	vui	bật chế độ ngẫu nhiên		
2026-09-29T23:20:00+07:00	you gì fla	true	you	gì fla		
2026-09-29T23:20:06+07:00	vui phát dẹp lại đây	true	vui	phát dẹp lại đây		
2026-09-29T23:20:11+07:00	vui phát nhạc này đây	true	vui	phát nhạc này đây		
2026-09-29T23:20:42+07:00	năm	false				
2026-09-29T23:26:26+07:00	you phát triển	true	you	phát triển		
2026-09-29T23:29:14+07:00	uy phát bài đang chọn đi	true	uy	phát bài đang chọn đi		
2026-09-29T23:31:16+07:00	xin lỗi chị	false				
2026-09-29T23:33:09+07:00	d phát triển	false				
2026-09-29T23:33:14+07:00	vui phát dậy	true	vui	phát dậy		
2026-09-29T23:34:12+07:00	vừa bật chế độ ngủ riêng	false				
2026-09-29T23:34:16+07:00	luôn bật chế độ ngẫu nhiên	false				
2026-09-29T23:34:20+07:00	y alo	false				
2026-09-29T23:34:29+07:00	chú ý phát hiện	false				
2026-09-29T23:34:33+07:00	you phát nhé	true	you	phát nhé		
2026-09-29T23:38:13+07:00		false				
2026-09-29T23:38:19+07:00	you phát giác	true	you	phát giác		
2026-09-29T23:39:11+07:00	tôi đi	false				
2026-09-29T23:39:54+07:00	xin	false				
2026-09-29T23:39:55+07:00		false				
2026-09-29T23:47:36+07:00	yuli phát dệt	false				
2026-09-29T23:47:40+07:00	yu ơi phát dậy	false				
2026-09-29T23:47:45+07:00	vui cái gì phát vậy á	true	vui	cái gì phát vậy á		
2026-09-29T23:48:35+07:00	khi phát dạ	false				
2026-09-29T23:48:41+07:00	you phát giác	true	you	phát giác		
2026-09-29T23:50:28+07:00	được	false				
2026-09-29T23:50:41+07:00	đi	false				
2026-09-29T23:51:27+07:00	pháp nhật	false				
2026-09-29T23:51:32+07:00	you phát nhở	true	you	phát nhở		
2026-09-29T23:51:40+07:00	em muốn	false				
2026-09-29T23:55:21+07:00		false				
2026-09-29T23:55:24+07:00	you quay dần nhạc	true	you	quay dần nhạc		
2026-09-29T23:55:29+07:00	y dừng nhạc	false				
2026-09-29T23:55:33+07:00	vui chừng nhện	true	vui	chừng nhện		
2026-09-29T23:55:37+07:00	you dựng nhạc lại	true	you	dựng nhạc lại		
2026-09-29T23:55:44+07:00	vui dừng nhạc lại	true	vui	dừng nhạc lại		
2026-09-30T00:23:44+07:00	vui phát dậy	true	vui	phát dậy		
2026-09-30T00:23:51+07:00	tôi bị	false				
2026-09-30T00:24:01+07:00	xin hẹn gặp lại	false				
2026-09-30T00:24:06+07:00	biết được	false				
2026-09-30T00:24:10+07:00	gì	false				
2026-09-30T00:24:21+07:00	ôi	false				
2026-09-30T00:24:22+07:00	oh	false				
2026-09-30T00:24:26+07:00	ờ	false				
2026-09-30T00:25:01+07:00	chú ý phát triển	false				
2026-09-30T00:25:05+07:00	y phát dở	false				
2026-09-30T00:25:09+07:00	vui phát diệt đây	true	vui	phát diệt đây		
2026-09-30T00:25:17+07:00	doanh nghiệp	false				
2026-09-30T00:25:21+07:00	một	false				
2026-09-30T00:25:27+07:00	tôi phát	false				
2026-09-30T00:25:30+07:00		false				
2026-09-30T00:25:32+07:00	xin chào các chị đi	false				
2026-09-30T00:25:44+07:00		false				
2026-09-30T00:25:54+07:00	đồ phát đũa lên	false				
